TrainingSet,TestingSet,Accounts Cracked,Passwords Cracked,% Accounts,% Passwords
training,training,17992,17992,5.07823966400975%,5.07823966400975%
testing,training,12583,12583,3.55155011628695%,3.55155011628695%
training,testing,1373,1373,0.387529071736627%,0.387529071736627%
testing,testing,5192,5192,1.46544132589699%,1.46544132589699%
training,training,25394,25394,7.16745320297153%,7.16745320297153%
testing,training,20481,20481,5.78075959085059%,5.78075959085059%
testing,testing,10898,10898,3.07595908505882%,3.07595908505882%
training,testing,3039,3039,0.857757355431617%,0.857757355431617%
