TrainingSet,TestingSet,Accounts Cracked,Passwords Cracked,% Accounts,% Passwords
faithwriters,faithwriters,708,559,7.29220311051602%,6.69701689229663%
faithwriters,myspace,1483,1203,4.22519160090031%,3.84026048649684%
faithwriters,phpbb,16951,10344,6.63649425849871%,5.60987911426387%
faithwriters,rockyou,1988348,555963,6.09865716227864%,3.87582237736458%
faithwriters,singles.org,1656,1219,10.192023633678%,9.96484917845173%
faithwriters,faithwriters,1035,845,10.6602121742713%,10.1233976278903%
faithwriters,myspace,2477,2062,7.05718111627112%,6.58239162357147%
