Generation,Champion Accounts,Champion Uniques,Average Accounts,Average Uniques,Total Accounts,Total Uniques
0,1480,31,134.86,17.06,12669,1586
1,1031.5,26,158.2575,6.96,16309,2132
2,998.4375,22,162.7325,4.45,17098,2336
3,215.546875,10,123.485625,2.42,17492,2391
4,525.3671875,13,101.969453125,4.02,18042,2474
5,1633.2373046875,15,110.781923828125,4.43,19951,2545
5,1633.2373046875,15,110.781923828125,4.43,19951,2545
